Name,MAE,MRAE(%),StdAE,MSE,$R^2$
Neural Regressor,0.04696115327396127,166424.42500104604,0.03967953401088445,0.003779815336141419,-18.41262502537945
Random Forest Regressor,0.0005989606455275743,345.0012805137751,0.0006804855125570371,8.218143876908217e-07,0.9957792714379031
Support Vector Regressor,0.014124434783805389,95052.80704944629,0.007250122281171682,0.00025206393105391356,-0.29456657027269295
Kernel Ridge Regressor,0.0016876775481915892,3414.7631390290094,0.0016277068616471625,5.4976851341232284e-06,0.9717646259075488
K-NN Regressor,0.0037452571882019784,31432.020014297832,0.003929188715918092,2.9465475371076656e-05,0.8486692672247882
Gaussian Process Regressor,0.0005517407092478858,49.64790438736161,0.0006475878102498303,7.2378778222553e-07,0.9962827229468203
Gradient Boosting Regressor,0.0005603997028453225,182.29129678032373,0.000642786471487992,7.272222748771088e-07,0.9962650838528254
TPOT Regressor,0.0006983183058707952,1751.6823772372127,0.0007520561929741676,1.053236973705056e-06,0.994590716049564
Ensemble Model,0.0007130794322618567,2280.7860634944873,0.0007353581102660877,1.0492338270490032e-06,0.9946112756743193
